movie_id,movie_title,movie_year,letterboxd_slug,selection_status
M01,The Godfather,1972,the-godfather,PROPOSED
M02,Pulp Fiction,1994,pulp-fiction,PROPOSED
M03,The Shawshank Redemption,1994,the-shawshank-redemption,PROPOSED
M04,Fight Club,1999,fight-club,PROPOSED
M05,The Matrix,1999,the-matrix,PROPOSED
M06,Spirited Away,2001,spirited-away,PROPOSED
M07,The Dark Knight,2008,the-dark-knight,PROPOSED
M08,Inception,2010,inception,PROPOSED
M09,The Social Network,2010,the-social-network,PROPOSED
M10,Drive,2011,drive-2011,PROPOSED
M11,Her,2013,her,PROPOSED
M12,Interstellar,2014,interstellar,PROPOSED
M13,Whiplash,2014,whiplash-2014,PROPOSED
M14,Mad Max: Fury Road,2015,mad-max-fury-road,PROPOSED
M15,La La Land,2016,la-la-land,PROPOSED
M16,Moonlight,2016,moonlight-2016,PROPOSED
M17,Get Out,2017,get-out-2017,PROPOSED
M18,Lady Bird,2017,lady-bird,PROPOSED
M19,Call Me by Your Name,2017,call-me-by-your-name,PROPOSED
M20,Hereditary,2018,hereditary,PROPOSED
M21,Spider-Man: Into the Spider-Verse,2018,spider-man-into-the-spider-verse,PROPOSED
M22,Parasite,2019,parasite-2019,PROPOSED
M23,Midsommar,2019,midsommar,PROPOSED
M24,Joker,2019,joker-2019,PROPOSED
M25,Little Women,2019,little-women-2019,PROPOSED
M26,Knives Out,2019,knives-out-2019,PROPOSED
M27,Portrait of a Lady on Fire,2019,portrait-of-a-lady-on-fire,PROPOSED
M28,Everything Everywhere All at Once,2022,everything-everywhere-all-at-once,PROPOSED
M29,Aftersun,2022,aftersun,PROPOSED
M30,The Batman,2022,the-batman,PROPOSED
M31,Pearl,2022,pearl-2022,PROPOSED
M32,Oppenheimer,2023,oppenheimer-2023,PROPOSED
M33,Barbie,2023,barbie,PROPOSED
M34,Past Lives,2023,past-lives,PROPOSED
M35,Poor Things,2023,poor-things-2023,PROPOSED
M36,Killers of the Flower Moon,2023,killers-of-the-flower-moon,PROPOSED
M37,Dune: Part Two,2024,dune-part-two,PROPOSED
M38,Challengers,2024,challengers,PROPOSED
M39,The Substance,2024,the-substance,PROPOSED
M40,Anora,2024,anora,PROPOSED
